_UID,system,l1,l2,theta,score
0,london,1,2,0.05,0.8044692737430168
1,london,1,2,0.275,0.8082706766917294
2,london,1,2,0.5,0.8272251308900523
