,system,alpha,beta,imbalance
0,arxiv,6839,2080,0.5335799977575961
1,celegans,406,777,-0.31360946745562135
2,drosophila,23911,1789,0.8607782101167316
3,london,83,43,0.31746031746031744
4,rattus,2610,832,0.516560139453806
5,sacchpomb,1038,6622,-0.7289817232375979
6,homo,37361,72004,-0.31676496136789645
7,euair,244,601,-0.4224852071005917
