N,embedding,total_time
100.0,LE,0.1179494857788086
166.81005372000593,LE,0.24082636833190918
278.2559402207126,LE,0.6561393737792969
464.15888336127773,LE,0.7833766937255859
774.263682681127,LE,1.0515880584716797
1291.549665014884,LE,1.6297338008880615
2154.4346900318824,LE,2.8436059951782227
3593.813663804626,LE,5.6746416091918945
5994.8425031894085,LE,13.473248958587646
10000.0,LE,27.705784797668457
