N,embedding,total_time
100.0,HOPE,0.3592402935028076
166.81005372000593,HOPE,0.30649685859680176
278.2559402207126,HOPE,0.5000081062316895
464.15888336127773,HOPE,0.7533538341522217
774.263682681127,HOPE,1.0334084033966064
1291.549665014884,HOPE,2.7189323902130127
2154.4346900318824,HOPE,6.453679800033569
3593.813663804626,HOPE,17.133803129196167
5994.8425031894085,HOPE,49.0276575088501
10000.0,HOPE,156.5367729663849
